LEU  78,TYR 394,46
GLN 143,PRO 468,2
ARG  42,PRO 400,5
VAL  50,SER 185,2
PHE  23,TYR 188,2
ARG  42,GLU 421,44
ASN  25,ASP 469,42
ASN  25,TYR 247,28
PHE  23,SER 187,46
PHE  23,ASP 469,6
ARG  42,SER 422,4
GLN  49,SER 187,186
ARG  47,PRO 468,9
ILE  26,ILE 252,16
LEU  79,THR 212,3
LEU  78,LEU 399,108
PHE  27,ASP 419,2
VAL  50,SER 187,111
ILE  26,THR 249,23
ARG  47,ASP 469,484
THR  80,ASP 467,370
ILE  26,SER 250,16
ILE  26,TRP 414,12
ARG  42,ASP 419,588
ARG  42,THR 397,154
PHE  27,SER 417,51
LEU  78,VAL 465,8
THR  80,PRO 468,70
HID 142,THR 209,34
ASN  25,THR 249,13
GLN  49,SER 185,80
PHE  23,TYR 247,174
GLN 143,THR 209,149
ILE  26,ILE 426,87
THR  80,THR 212,22
THR  80,TYR 205,7
LEU  78,GLU 398,3
SER  77,PRO 468,58
LEU  79,GLN 368,35
TRP  30,PRO 468,4
ARG  42,GLU 398,176
GLN 143,TYR 205,28
THR  24,TYR 188,277
THR  24,THR 249,43
GLY  41,GLU 398,1
HID 142,TYR 205,36
ILE  26,GLY 248,42
LEU  78,ASP 467,43
PHE  27,PRO 400,215
GLN  49,TYR 188,1
ILE  26,SER 417,27
ILE  26,HIE 402,190
ARG  42,LEU 399,50
ASN  25,TYR 188,1
MET  82,PRO 468,70
ASN  25,GLY 248,3
LEU  79,VAL 369,171
HID 142,ARG 210,16
ILE  26,ALA 251,2
PHE  27,ILE 426,46
LEU  79,ASP 467,210
SER  77,ASP 467,314
PHE  27,GLU 424,51
LEU  78,VAL 369,163
PHE  27,SER 425,18
PHE  27,SER 422,1
HID 142,THR 212,11
