LEU  78,TYR 394,66
GLN 143,PRO 468,4
ARG  42,PRO 400,8
PHE  27,ASP 419,5
ARG  42,GLU 421,75
ASN  25,ASP 469,130
THR  24,THR 249,14
PHE  23,SER 187,76
ALA  26,PRO 400,4
TRP  30,PRO 468,1
PHE  23,ASP 469,13
LEU  78,LEU 399,205
VAL  50,SER 186,1
VAL  50,SER 187,63
VAL  50,SER 185,6
ALA  26,ILE 252,23
THR  80,ASP 467,423
ALA  26,GLY 248,34
ARG  42,ASP 419,574
ARG  42,THR 397,163
PHE  27,SER 417,24
LEU  78,VAL 465,9
THR  80,PRO 468,91
HID 142,THR 209,3
ARG  47,PRO 468,17
GLN  49,SER 185,143
PHE  23,TYR 247,198
GLN 143,THR 209,147
ALA  26,HIE 402,10
ALA  26,ILE 426,9
THR  80,THR 212,11
THR  80,TYR 205,5
LEU  78,GLU 398,5
SER  77,PRO 468,80
LEU  79,GLN 368,10
ARG  42,GLU 398,165
GLN 143,TYR 205,32
THR  24,TYR 188,264
ASN  25,TYR 247,2
ALA  26,THR 249,55
ASN  25,THR 249,9
GLN 143,ASP 469,1
ARG  47,ASP 469,509
LEU  78,ASP 467,85
PHE  27,PRO 400,177
GLN  49,TYR 188,99
GLN  49,SER 187,214
MET  82,PRO 468,66
ASN  25,GLY 248,32
LEU  79,VAL 369,134
ARG  42,LEU 399,62
PHE  27,ILE 426,135
LEU  79,ASP 467,211
SER  77,ASP 467,244
PHE  27,GLU 424,41
LEU  78,VAL 369,118
ARG  42,PRO 420,5
PHE  27,SER 425,35
HID 142,THR 212,42
